{
	"class_name" : "ViewTrajectory",
	"interval" : 29,
	"is_loop" : false,
	"trajectory" : 
	[
		{
			"boundingbox_max" : [ 3.5, 4.4727793, 1 ],
			"boundingbox_min" : [ -3.5, -4.2734040999999996, -1.5463102 ],
			"field_of_view" : 5.0,
			"front" : [ -0.019290693941308383, 0.0, 0.99981372719080064 ],
			"lookat" : [ -0.0, 0.099687600000000209, -0.27315590499999998 ],
			"up" : [ 0.99967501358972088, -0.016656628897062712, 0.019298287959737318 ],
			"zoom" : 0.5
		}
	],
	"version_major" : 1,
	"version_minor" : 0
}