{
	"class_name" : "ViewTrajectory",
	"interval" : 29,
	"is_loop" : false,
	"trajectory" : 
	[
		{
			"boundingbox_max" : [ 3.5, 4.4727793, 1.0 ],
			"boundingbox_min" : [ -3.5, -4.2734040999999996, -1.5463102 ],
			"field_of_view" : 5.0,
			"front" : [ 0.60888440046566394, -0.48027880279597873, 0.63134147531619556 ],
			"lookat" : [ -0.1890331475461644, 0.24585180830686773, -0.575548215677401 ],
			"up" : [ -0.51685176114120945, 0.36356299262884562, 0.77503948763659014 ],
			"zoom" : 0.48000000000000009
		}
	],
	"version_major" : 1,
	"version_minor" : 0
}