{
    "initial_vector_map": {
        "edges": [
            2,
            5,
            8,
            11,
            14,
            17,
            20,
            23,
            26,
            29,
            32
        ],
        "features": {
            "0": {
                "id": 0,
                "position": {
                    "x": -4.734489840398151,
                    "y": -1.0737569174417516
                }
            },
            "1": {
                "id": 1,
                "position": {
                    "x": -1.5571573635751996,
                    "y": -1.0623093881035028
                }
            },
            "2": {
                "id": 2,
                "vertex_id_a": 0,
                "vertex_id_b": 1
            },
            "3": {
                "id": 3,
                "position": {
                    "x": -1.4040549564860012,
                    "y": -1.6726857743035113
                }
            },
            "4": {
                "id": 4,
                "position": {
                    "x": 1.7143712283772932,
                    "y": -1.63431055867925
                }
            },
            "5": {
                "id": 5,
                "vertex_id_a": 3,
                "vertex_id_b": 4
            },
            "6": {
                "id": 6,
                "position": {
                    "x": -4.352370222144332,
                    "y": -1.3563047165123001
                }
            },
            "7": {
                "id": 7,
                "position": {
                    "x": -2.6781269674641237,
                    "y": -1.306455950842526
                }
            },
            "8": {
                "id": 8,
                "vertex_id_a": 6,
                "vertex_id_b": 7
            },
            "9": {
                "id": 9,
                "position": {
                    "x": -2.1370831011869296,
                    "y": 1.5158309312812632
                }
            },
            "10": {
                "id": 10,
                "position": {
                    "x": 1.2874744045894286,
                    "y": 1.6010411075823747
                }
            },
            "11": {
                "id": 11,
                "vertex_id_a": 9,
                "vertex_id_b": 10
            },
            "12": {
                "id": 12,
                "position": {
                    "x": -4.676631449148241,
                    "y": -0.12227497814283449
                }
            },
            "13": {
                "id": 13,
                "position": {
                    "x": -3.259963924928846,
                    "y": -0.16506407515607377
                }
            },
            "14": {
                "id": 14,
                "vertex_id_a": 12,
                "vertex_id_b": 13
            },
            "15": {
                "id": 15,
                "position": {
                    "x": -4.793340869172535,
                    "y": -0.20462025988386334
                }
            },
            "16": {
                "id": 16,
                "position": {
                    "x": -4.772566037302271,
                    "y": -0.9081738937238701
                }
            },
            "17": {
                "id": 17,
                "vertex_id_a": 15,
                "vertex_id_b": 16
            },
            "18": {
                "id": 18,
                "position": {
                    "x": -2.2738269427807443,
                    "y": 1.4735424043917877
                }
            },
            "19": {
                "id": 19,
                "position": {
                    "x": -2.229303979496826,
                    "y": -0.06293410776564812
                }
            },
            "20": {
                "id": 20,
                "vertex_id_a": 18,
                "vertex_id_b": 19
            },
            "21": {
                "id": 21,
                "position": {
                    "x": -1.4951497553206399,
                    "y": -1.0763232399906244
                }
            },
            "22": {
                "id": 22,
                "position": {
                    "x": -1.470477263877369,
                    "y": -1.579391963574283
                }
            },
            "23": {
                "id": 23,
                "vertex_id_a": 21,
                "vertex_id_b": 22
            },
            "24": {
                "id": 24,
                "position": {
                    "x": 1.6206709721823649,
                    "y": -0.3963466892752604
                }
            },
            "25": {
                "id": 25,
                "position": {
                    "x": 1.7721109658355525,
                    "y": -1.5534211060714829
                }
            },
            "26": {
                "id": 26,
                "vertex_id_a": 24,
                "vertex_id_b": 25
            },
            "27": {
                "id": 27,
                "position": {
                    "x": 1.5422939258248536,
                    "y": 0.858593580006881
                }
            },
            "28": {
                "id": 28,
                "position": {
                    "x": 1.7225072338822396,
                    "y": -0.20946928115060903
                }
            },
            "29": {
                "id": 29,
                "vertex_id_a": 27,
                "vertex_id_b": 28
            },
            "30": {
                "id": 30,
                "position": {
                    "x": 3.4136487617914995,
                    "y": -1.205103100776762
                }
            },
            "31": {
                "id": 31,
                "position": {
                    "x": 5.136757293583283,
                    "y": -0.6958485916821799
                }
            },
            "32": {
                "id": 32,
                "vertex_id_a": 30,
                "vertex_id_b": 31
            }
        },
        "labels": [],
        "vertices": [
            0,
            1,
            3,
            4,
            6,
            7,
            9,
            10,
            12,
            13,
            15,
            16,
            18,
            19,
            21,
            22,
            24,
            25,
            27,
            28,
            30,
            31
        ]
    },
    "message": "File successfully processed",
    "pcd_image_info": {
        "filename": "873eabbe-bcf9-4158-9ece-8f0d87189c30.png",
        "origin_camera": {
            "x": -0.25636494397003995,
            "y": 0.29683533116578387
        },
        "world_dimensions": {
            "height": 8.165916994677387,
            "width": 14.517185768315354
        }
    }
}