{
  "box_outputs": {
    "box_centers": [
      [
        -3.2371800634127403, 
        -0.7467035471199859, 
        1.2705983026399846e-13
      ], 
      [
        -0.011684426299642989, 
        -1.6607208398531474, 
        -4.2421597106139333e-13
      ], 
      [
        -3.6311848794498083, 
        -0.9716185709577304, 
        -2.1055394435043195e-12
      ], 
      [
        -0.26614546988057675, 
        1.5932194292880075, 
        6.071663861721025e-13
      ], 
      [
        -3.9626636253545238, 
        0.25558649834306474, 
        -2.4153906483023005e-13
      ], 
      [
        -4.814650284746066, 
        -0.0732398696323597, 
        -1.1383141535090373e-12
      ], 
      [
        -2.169349654504187, 
        0.9278593880093, 
        2.2163537456779232e-12
      ], 
      [
        -1.6086714123313746, 
        -1.1722277944190211, 
        4.344662388191904e-15
      ], 
      [
        1.589908507868638, 
        -1.140320950559124, 
        -5.073620961020139e-14
      ], 
      [
        1.6567428856443374, 
        0.15898192605549544, 
        8.356473284483904e-13
      ], 
      [
        4.158134104115764, 
        -1.3750221941483627, 
        -1.2866373502722633e-11
      ]
    ], 
    "box_extents": [
      [
        3.177353098760294, 
        0.06860341680430432, 
        2.7255404552563878e-11
      ], 
      [
        3.118662297783338, 
        0.09281718351129248, 
        1.6318889233058865e-11
      ], 
      [
        1.6749851865855359, 
        0.03700599782419786, 
        2.2682203722153146e-11
      ], 
      [
        3.4256174457336233, 
        0.057981710267879655, 
        1.2091112521985174e-11
      ], 
      [
        1.4173135789235678, 
        0.055721006627167245, 
        1.2141166714644368e-11
      ], 
      [
        0.7038602910583986, 
        0.02974845461027374, 
        4.0877248573514284e-11
      ], 
      [
        1.537121454755915, 
        0.06588250113793347, 
        3.697683191199458e-11
      ], 
      [
        0.5036733787705248, 
        0.040971490377452825, 
        2.7745538215239198e-11
      ], 
      [
        1.166942705398176, 
        0.046781210596888625, 
        3.418969516893965e-11
      ], 
      [
        1.083159781281035, 
        0.10636827123362616, 
        5.5882849398258745e-12
      ], 
      [
        1.7967869009336686, 
        0.06568258205241821, 
        1.105897450398817e-10
      ]
    ], 
    "box_rotations": [
      [
        [
          0.9952996619877623, 
          -0.09684308363040835, 
          -3.1032093504921574e-11
        ], 
        [
          -0.09684308363040835, 
          -0.9952996619877623, 
          -3.4686729806886464e-10
        ], 
        [
          2.7054665793157557e-12, 
          3.482421481490731e-10, 
          -1.0000000000000002
        ]
      ], 
      [
        [
          0.9961047376647958, 
          -0.08817795417080324, 
          -1.6933526841055847e-11
        ], 
        [
          -0.08817795417080324, 
          -0.9961047376647958, 
          -1.6825081153495122e-10
        ], 
        [
          -2.031553963020334e-12, 
          1.6908859423965228e-10, 
          -0.9999999999999999
        ]
      ], 
      [
        [
          0.9974924027694442, 
          -0.07077362797851507, 
          1.0449157452182043e-11
        ], 
        [
          -0.07077362797851507, 
          -0.9974924027694442, 
          2.857616152406536e-10
        ], 
        [
          -9.801431073688265e-12, 
          -2.8578456498788655e-10, 
          -1.0000000000000002
        ]
      ], 
      [
        [
          0.9971345350074877, 
          -0.07564865560868525, 
          -1.5709572581782515e-11
        ], 
        [
          -0.07564865560868525, 
          -0.9971345350074877, 
          -1.9802514782950893e-10
        ], 
        [
          -6.842211414885792e-13, 
          1.9864612174676528e-10, 
          -1.0000000000000002
        ]
      ], 
      [
        [
          0.9914588042242414, 
          -0.13042024201111374, 
          -2.592050541251472e-11
        ], 
        [
          -0.13042024201111374, 
          -0.9914588042242414, 
          -2.16885946937168e-10
        ], 
        [
          2.587204387175203e-12, 
          2.1841404019231738e-10, 
          -1.0
        ]
      ], 
      [
        [
          0.0710182771562551, 
          -0.9974750143786848, 
          9.088236728639518e-10
        ], 
        [
          0.9974750143786848, 
          0.0710182771562551, 
          -4.170148154803408e-11
        ], 
        [
          -2.2946905578880078e-11, 
          9.094904735320641e-10, 
          1.0
        ]
      ], 
      [
        [
          0.07156751682343378, 
          -0.9974357575983165, 
          -5.465524081212536e-10
        ], 
        [
          0.9974357575983165, 
          0.07156751682343378, 
          3.5129046665237956e-11
        ], 
        [
          4.076431388857831e-12, 
          -5.476650138998125e-10, 
          1.0
        ]
      ], 
      [
        [
          0.051570361201557814, 
          -0.9986693636261909, 
          5.384649131500596e-10
        ], 
        [
          0.9986693636261909, 
          0.051570361201557814, 
          -9.005804263326748e-12
        ], 
        [
          -1.8775009252915467e-11, 
          5.382128447293724e-10, 
          1.0000000000000002
        ]
      ], 
      [
        [
          0.029539803251021512, 
          -0.9995636047915565, 
          1.316583071085643e-11
        ], 
        [
          -0.9995636047915565, 
          -0.029539803251021512, 
          2.955497978178739e-11
        ], 
        [
          -2.915316608139002e-11, 
          -1.4033133493260953e-11, 
          -1.0
        ]
      ], 
      [
        [
          0.0665076285442596, 
          -0.9977859165900362, 
          4.462867216760566e-11
        ], 
        [
          -0.9977859165900362, 
          -0.0665076285442596, 
          -6.278360312707238e-13
        ], 
        [
          3.594593100876364e-12, 
          -4.4488104679396205e-11, 
          -1.0
        ]
      ], 
      [
        [
          0.9826099002265638, 
          -0.1856819430551671, 
          -1.6407255816130379e-10
        ], 
        [
          0.1856819430551671, 
          0.9826099002265638, 
          1.0774599346764774e-09
        ], 
        [
          -3.8845534230025966e-11, 
          -1.0891881103119963e-09, 
          1.0
        ]
      ]
    ]
  } 
}
